{
  "0": 4.98124957084656,
  "1": 9.76508855819702,
  "2": 8.7727906703949,
  "3": 4.42661428451538,
  "4": 5.39951515197754,
  "5": 6.57249617576599,
  "6": 4.5131688117981,
  "7": 5.56129813194275,
  "8": 7.40304279327393,
  "9": 4.19220519065857
}
